-- Customer Loan Onboarding - Demo Business Data Seed
-- PostgreSQL dialect
--
-- This seed inserts demo business data for local testing.
-- It assumes V1__seed_reference_data.sql has already inserted lifecycle states.
--
-- Business code convention used in this seed:
-- - Customer: CUS-YYYY-XXXXXX
-- - Asset: AST-YYYY-XXXXXX
-- - Loan application: APP-YYYY-XXXXXX

-- =========================================================
-- 1. Demo customers
-- =========================================================

INSERT INTO customer
(id, customer_code, full_name, phone_number, identity_number, date_of_birth, status, created_at, updated_at)
VALUES
('10000000-0000-0000-0000-000000000001', 'CUS-2026-000001', 'Nguyễn Văn An', '0901000001', '079095000001', DATE '1995-01-15', 'ACTIVE', TIMESTAMP '2026-06-01 09:00:00', TIMESTAMP '2026-06-01 09:00:00'),
('10000000-0000-0000-0000-000000000002', 'CUS-2026-000002', 'Trần Thị Bình', '0901000002', '079092000002', DATE '1992-08-20', 'ACTIVE', TIMESTAMP '2026-06-02 09:00:00', TIMESTAMP '2026-06-02 09:00:00'),
('10000000-0000-0000-0000-000000000003', 'CUS-2026-000003', 'Lê Minh Cường', '0901000003', '079088000003', DATE '1988-12-05', 'RESTRICTED', TIMESTAMP '2026-06-03 09:00:00', TIMESTAMP '2026-06-03 09:00:00'),
('10000000-0000-0000-0000-000000000004', 'CUS-2026-000004', 'Phạm Thu Dung', '0901000004', '079099000004', DATE '1999-03-11', 'INACTIVE', TIMESTAMP '2026-06-04 09:00:00', TIMESTAMP '2026-06-04 09:00:00'),
('10000000-0000-0000-0000-000000000005', 'CUS-2026-000005', 'Hoàng Đức Huy', '0901000005', '079090000005', DATE '1990-10-25', 'ACTIVE', TIMESTAMP '2026-06-05 09:00:00', TIMESTAMP '2026-06-05 09:00:00'),
('10000000-0000-0000-0000-000000000006', 'CUS-2026-000006', 'Đỗ Hải Nam', '0901000006', '079097000006', DATE '1997-07-07', 'ACTIVE', TIMESTAMP '2026-06-06 09:00:00', TIMESTAMP '2026-06-06 09:00:00')
ON CONFLICT (customer_code) DO NOTHING;

-- =========================================================
-- 2. Demo assets
-- =========================================================

INSERT INTO asset
(id, asset_code, customer_id, license_plate, vehicle_brand, vehicle_model, vehicle_version, manufacture_year, status, created_at, updated_at)
VALUES
('20000000-0000-0000-0000-000000000001', 'AST-2026-000001', '10000000-0000-0000-0000-000000000001', '30A-12345', 'Toyota', 'Vios', '1.5G CVT', 2020, 'PLEDGED', TIMESTAMP '2026-06-01 09:10:00', TIMESTAMP '2026-06-01 09:10:00'),
('20000000-0000-0000-0000-000000000002', 'AST-2026-000002', '10000000-0000-0000-0000-000000000001', '29B-67890', 'Honda', 'SH', '150i ABS', 2022, 'AVAILABLE', TIMESTAMP '2026-06-01 09:15:00', TIMESTAMP '2026-06-01 09:15:00'),
('20000000-0000-0000-0000-000000000003', 'AST-2026-000003', '10000000-0000-0000-0000-000000000002', '30G-24680', 'Hyundai', 'Accent', '1.4 AT', 2021, 'RELEASED', TIMESTAMP '2026-06-02 09:10:00', TIMESTAMP '2026-06-02 09:10:00'),
('20000000-0000-0000-0000-000000000004', 'AST-2026-000004', '10000000-0000-0000-0000-000000000005', '30H-13579', 'Mazda', 'CX-5', '2.0 Luxury', 2019, 'PLEDGED', TIMESTAMP '2026-06-05 09:10:00', TIMESTAMP '2026-06-05 09:10:00'),
('20000000-0000-0000-0000-000000000005', 'AST-2026-000005', '10000000-0000-0000-0000-000000000005', '29C-11223', 'Yamaha', 'Exciter', '155 VVA', 2023, 'AVAILABLE', TIMESTAMP '2026-06-05 09:20:00', TIMESTAMP '2026-06-05 09:20:00'),
('20000000-0000-0000-0000-000000000006', 'AST-2026-000006', '10000000-0000-0000-0000-000000000006', '30K-88888', 'Kia', 'Morning', 'AT Luxury', 2021, 'AVAILABLE', TIMESTAMP '2026-06-06 09:10:00', TIMESTAMP '2026-06-06 09:10:00')
ON CONFLICT (asset_code) DO NOTHING;

-- =========================================================
-- 3. Demo loan applications
-- =========================================================
-- Notes:
-- - APP-2026-000002 is a draft without an attached asset. This tests the nullable asset_id design.
-- - closed_at is populated only for terminal applications.

INSERT INTO loan_application
(
    id,
    loan_application_code,
    customer_id,
    asset_id,
    current_state_id,
    requested_amount,
    loan_purpose,
    submitted_at,
    closed_at,
    created_at,
    updated_at
)
VALUES
('30000000-0000-0000-0000-000000000001', 'APP-2026-000001', '10000000-0000-0000-0000-000000000001', '20000000-0000-0000-0000-000000000001', '00000000-0000-0000-0000-000000000104', 50000000.00, 'Vay cầm cố xe ô tô phục vụ nhu cầu cá nhân.', TIMESTAMP '2026-06-10 10:30:00', NULL, TIMESTAMP '2026-06-10 10:00:00', TIMESTAMP '2026-06-10 11:00:00'),
('30000000-0000-0000-0000-000000000002', 'APP-2026-000002', '10000000-0000-0000-0000-000000000001', NULL, '00000000-0000-0000-0000-000000000101', 20000000.00, 'Hồ sơ nháp chưa gắn tài sản.', NULL, NULL, TIMESTAMP '2026-06-11 11:00:00', TIMESTAMP '2026-06-11 11:00:00'),
('30000000-0000-0000-0000-000000000003', 'APP-2026-000003', '10000000-0000-0000-0000-000000000002', '20000000-0000-0000-0000-000000000003', '00000000-0000-0000-0000-000000000106', 70000000.00, 'Hồ sơ đã hoàn tất hợp đồng.', TIMESTAMP '2026-06-12 14:15:00', TIMESTAMP '2026-06-13 16:30:00', TIMESTAMP '2026-06-12 14:00:00', TIMESTAMP '2026-06-13 16:30:00'),
('30000000-0000-0000-0000-000000000004', 'APP-2026-000004', '10000000-0000-0000-0000-000000000005', '20000000-0000-0000-0000-000000000005', '00000000-0000-0000-0000-000000000107', 15000000.00, 'Hồ sơ bị hủy trước khi lập hợp đồng.', TIMESTAMP '2026-06-14 09:30:00', TIMESTAMP '2026-06-14 10:30:00', TIMESTAMP '2026-06-14 09:00:00', TIMESTAMP '2026-06-14 10:30:00'),
('30000000-0000-0000-0000-000000000005', 'APP-2026-000005', '10000000-0000-0000-0000-000000000005', '20000000-0000-0000-0000-000000000004', '00000000-0000-0000-0000-000000000103', 90000000.00, 'Hồ sơ cần bổ sung giấy tờ.', TIMESTAMP '2026-06-15 13:20:00', NULL, TIMESTAMP '2026-06-15 13:00:00', TIMESTAMP '2026-06-15 14:00:00')
ON CONFLICT (loan_application_code) DO NOTHING;

-- =========================================================
-- 4. Demo loan application state history
-- =========================================================

INSERT INTO loan_application_state_history
(id, loan_application_id, from_state_id, to_state_id, action_code, changed_at, changed_by, note)
VALUES
-- APP-2026-000001: DRAFT -> SUBMITTED -> IN_REVIEW
('40000000-0000-0000-0000-000000000001', '30000000-0000-0000-0000-000000000001', NULL, '00000000-0000-0000-0000-000000000101', 'CREATE', TIMESTAMP '2026-06-10 10:00:00', 'staff_001', 'Tạo hồ sơ vay nháp.'),
('40000000-0000-0000-0000-000000000002', '30000000-0000-0000-0000-000000000001', '00000000-0000-0000-0000-000000000101', '00000000-0000-0000-0000-000000000102', 'SUBMIT', TIMESTAMP '2026-06-10 10:30:00', 'staff_001', 'Nộp hồ sơ vào luồng xử lý.'),
('40000000-0000-0000-0000-000000000003', '30000000-0000-0000-0000-000000000001', '00000000-0000-0000-0000-000000000102', '00000000-0000-0000-0000-000000000104', 'START_REVIEW', TIMESTAMP '2026-06-10 11:00:00', 'staff_002', 'Bắt đầu thẩm định/phê duyệt.'),

-- APP-2026-000002: DRAFT only, no asset attached yet
('40000000-0000-0000-0000-000000000004', '30000000-0000-0000-0000-000000000002', NULL, '00000000-0000-0000-0000-000000000101', 'CREATE', TIMESTAMP '2026-06-11 11:00:00', 'staff_001', 'Tạo hồ sơ nháp chưa gắn tài sản.'),

-- APP-2026-000003: DRAFT -> SUBMITTED -> IN_REVIEW -> READY_FOR_CONTRACT -> CONTRACTED
('40000000-0000-0000-0000-000000000005', '30000000-0000-0000-0000-000000000003', NULL, '00000000-0000-0000-0000-000000000101', 'CREATE', TIMESTAMP '2026-06-12 14:00:00', 'staff_003', 'Tạo hồ sơ vay nháp.'),
('40000000-0000-0000-0000-000000000006', '30000000-0000-0000-0000-000000000003', '00000000-0000-0000-0000-000000000101', '00000000-0000-0000-0000-000000000102', 'SUBMIT', TIMESTAMP '2026-06-12 14:15:00', 'staff_003', 'Nộp hồ sơ.'),
('40000000-0000-0000-0000-000000000007', '30000000-0000-0000-0000-000000000003', '00000000-0000-0000-0000-000000000102', '00000000-0000-0000-0000-000000000104', 'START_REVIEW', TIMESTAMP '2026-06-12 15:00:00', 'staff_004', 'Bắt đầu thẩm định/phê duyệt.'),
('40000000-0000-0000-0000-000000000008', '30000000-0000-0000-0000-000000000003', '00000000-0000-0000-0000-000000000104', '00000000-0000-0000-0000-000000000105', 'APPROVE_FOR_CONTRACT', TIMESTAMP '2026-06-13 09:00:00', 'staff_004', 'Duyệt lập hợp đồng.'),
('40000000-0000-0000-0000-000000000009', '30000000-0000-0000-0000-000000000003', '00000000-0000-0000-0000-000000000105', '00000000-0000-0000-0000-000000000106', 'CREATE_CONTRACT', TIMESTAMP '2026-06-13 16:30:00', 'staff_005', 'Tạo hợp đồng thành công.'),

-- APP-2026-000004: DRAFT -> SUBMITTED -> CANCELLED
('40000000-0000-0000-0000-000000000010', '30000000-0000-0000-0000-000000000004', NULL, '00000000-0000-0000-0000-000000000101', 'CREATE', TIMESTAMP '2026-06-14 09:00:00', 'staff_001', 'Tạo hồ sơ.'),
('40000000-0000-0000-0000-000000000011', '30000000-0000-0000-0000-000000000004', '00000000-0000-0000-0000-000000000101', '00000000-0000-0000-0000-000000000102', 'SUBMIT', TIMESTAMP '2026-06-14 09:30:00', 'staff_001', 'Nộp hồ sơ.'),
('40000000-0000-0000-0000-000000000012', '30000000-0000-0000-0000-000000000004', '00000000-0000-0000-0000-000000000102', '00000000-0000-0000-0000-000000000107', 'CANCEL', TIMESTAMP '2026-06-14 10:30:00', 'staff_001', 'Khách hàng không tiếp tục nhu cầu vay.'),

-- APP-2026-000005: DRAFT -> SUBMITTED -> NEEDS_SUPPLEMENT
('40000000-0000-0000-0000-000000000013', '30000000-0000-0000-0000-000000000005', NULL, '00000000-0000-0000-0000-000000000101', 'CREATE', TIMESTAMP '2026-06-15 13:00:00', 'staff_006', 'Tạo hồ sơ.'),
('40000000-0000-0000-0000-000000000014', '30000000-0000-0000-0000-000000000005', '00000000-0000-0000-0000-000000000101', '00000000-0000-0000-0000-000000000102', 'SUBMIT', TIMESTAMP '2026-06-15 13:20:00', 'staff_006', 'Nộp hồ sơ.'),
('40000000-0000-0000-0000-000000000015', '30000000-0000-0000-0000-000000000005', '00000000-0000-0000-0000-000000000102', '00000000-0000-0000-0000-000000000103', 'REQUEST_SUPPLEMENT', TIMESTAMP '2026-06-15 14:00:00', 'staff_007', 'Thiếu giấy tờ xác minh thông tin xe.')
ON CONFLICT (id) DO NOTHING;
